user_type,expense,income,Balance
biz,665407.26,7746347.917684224,7080940.657684225
freelancer,406493.53,5827445.24401418,5420951.71401418
office,424150.05,1801350.6808996764,1377200.6308996764
retiree,70722.31,257346.31008441214,186624.00008441214
student,302579.47,380963.74871212756,78384.27871212759
